<?xml version="1.0" encoding="utf-8"?>
<component name="CategoryListItem" extends="Group">
    <script type="text/brightscript" uri="CategoryListItem__lib0.brs" />
    <interface>
        <field id="itemContent" type="node" onChange="showContent" />
        <field id="focusPercent" type="float" onChange="showFocus" />
        <field id="listHasFocus" type="boolean" onChange="showFocus" />
    </interface>
    <children>
        <Label
            id="itemLabel"
            width="400"
            translation="[20,0]"
            font="font:MediumBoldSystemFont"
        />

        <Rectangle
            id="itemCursor"
            translation="[ 20, 25 ]"
            width="170"
            height="2"
            color="0x24BD7E"
            opacity="0.0" />
    </children>
</component>